{"inputUnits":[34],"outputUnits":5,"inputs":{"0":{"dtype":"number","min":233.43868857935854,"max":481.8549952218872},"1":{"dtype":"number","min":-86.44986931575902,"max":371.54007344682776},"2":{"dtype":"number","min":241.24992876257346,"max":481.9551235146922},"3":{"dtype":"number","min":-78.70721307646694,"max":370.8476444712856},"4":{"dtype":"number","min":221.4570729216637,"max":483.36936162461546},"5":{"dtype":"number","min":-77.28139241536458,"max":369.1834495499817},"6":{"dtype":"number","min":253.7619125633909,"max":475.3672731038887},"7":{"dtype":"number","min":-78.66959822805305,"max":371.0941676089638},"8":{"dtype":"number","min":207.61236001176442,"max":484.529903776232},"9":{"dtype":"number","min":-77.69220333582709,"max":369.6651353148224},"10":{"dtype":"number","min":252.97642401087353,"max":473.77428556743416},"11":{"dtype":"number","min":-104.50688828734161,"max":379.8667735941926},"12":{"dtype":"number","min":191.57126443427904,"max":490.98319605777135},"13":{"dtype":"number","min":-109.74834717272782,"max":379.61882024248206},"14":{"dtype":"number","min":219.5198210777595,"max":475.81385235107894},"15":{"dtype":"number","min":-35.80926311411123,"max":396.0193686085602},"16":{"dtype":"number","min":169.41585012811433,"max":505.6577115123964},"17":{"dtype":"number","min":9.855443050986835,"max":396.3770087467067},"18":{"dtype":"number","min":228.9870234260782,"max":476.3605732759769},"19":{"dtype":"number","min":-20.83657961839821,"max":404.19594629001426},"20":{"dtype":"number","min":163.0739044724849,"max":498.9401419492725},"21":{"dtype":"number","min":-7.385861878274255,"max":434.85360277558857},"22":{"dtype":"number","min":264.2978711342021,"max":480.5337908114606},"23":{"dtype":"number","min":-5.471834476463513,"max":480.2122348837453},"24":{"dtype":"number","min":209.28744370012487,"max":488.5763781809667},"25":{"dtype":"number","min":-5.538614432946517,"max":458.12050111112535},"26":{"dtype":"number","min":259.6135648091634,"max":479.92133625766684},"27":{"dtype":"number","min":43.01868163586592,"max":541.7975546556141},"28":{"dtype":"number","min":203.54141443561159,"max":488.5319581505848},"29":{"dtype":"number","min":113.33170929847404,"max":548.8465735600938},"30":{"dtype":"number","min":240.04302818640397,"max":482.40981639244865},"31":{"dtype":"number","min":83.05520992762396,"max":560.8390262298881},"32":{"dtype":"number","min":206.46413524248445,"max":483.38901512339334},"33":{"dtype":"number","min":210.8830091688368,"max":559.3694388331958}},"outputs":{"0":{"dtype":"string","min":0,"max":1,"uniqueValues":["Idle","Jog","Jump","Squats","Lunges"],"legend":{"Idle":[1,0,0,0,0],"Jog":[0,1,0,0,0],"Jump":[0,0,1,0,0],"Squats":[0,0,0,1,0],"Lunges":[0,0,0,0,1]}}},"isNormalized":true}