{"inputUnits":[24],"outputUnits":7,"inputs":{"0":{"dtype":"number","min":231.2755128142894,"max":400.63264114350136},"1":{"dtype":"number","min":-97.80630844145955,"max":230.78109116582146},"2":{"dtype":"number","min":147.2629153008117,"max":320.04229473091704},"3":{"dtype":"number","min":-101.7790760538499,"max":238.76673495792738},"4":{"dtype":"number","min":249.84103970592713,"max":436.22528968498716},"5":{"dtype":"number","min":-36.363300226817586,"max":327.33653464512514},"6":{"dtype":"number","min":134.45971810562102,"max":308.6090266355994},"7":{"dtype":"number","min":-36.11592045536748,"max":335.1799121284113},"8":{"dtype":"number","min":217.0041292127345,"max":437.4644175746984},"9":{"dtype":"number","min":-40.967513264736006,"max":431.9067811129386},"10":{"dtype":"number","min":115.74847602472435,"max":329.6615320990192},"11":{"dtype":"number","min":-28.218722278379325,"max":416.1018273426078},"12":{"dtype":"number","min":226.63080880981207,"max":393.58548169944714},"13":{"dtype":"number","min":-48.859902543631215,"max":399.693378277457},"14":{"dtype":"number","min":165.94819899888066,"max":339.73515103434954},"15":{"dtype":"number","min":-42.840767129819994,"max":427.6821322376035},"16":{"dtype":"number","min":222.14455052425987,"max":404.97677213732027},"17":{"dtype":"number","min":29.684122245446503,"max":497.67127321477517},"18":{"dtype":"number","min":180.05600979453638,"max":339.45232142249506},"19":{"dtype":"number","min":11.798315810413612,"max":517.1207364028425},"20":{"dtype":"number","min":203.65584732263872,"max":387.24803545321635},"21":{"dtype":"number","min":86.01896646659509,"max":559.3485858240555},"22":{"dtype":"number","min":181.35714867426404,"max":332.0699853134899},"23":{"dtype":"number","min":133.2902851067556,"max":559.3203735723365}},"outputs":{"0":{"dtype":"string","min":0,"max":1,"uniqueValues":["Idle","Jog","Jump","Squats","(L) Lunges","(R) Lunges","Prisoner Squats"],"legend":{"Idle":[1,0,0,0,0,0,0],"Jog":[0,1,0,0,0,0,0],"Jump":[0,0,1,0,0,0,0],"Squats":[0,0,0,1,0,0,0],"(L) Lunges":[0,0,0,0,1,0,0],"(R) Lunges":[0,0,0,0,0,1,0],"Prisoner Squats":[0,0,0,0,0,0,1]}}},"isNormalized":true}